{
  "gardens": [
    {
      "name": "Домашний сад",
      "plants": [
        {
          "name": "Алоэ",
          "type": "Суккулент",
          "size": "Маленькое",
          "last_watered": null,
          "ai_status": "Healthy"
        },
        {
          "name": "Фикус",
          "type": "Лиственное",
          "size": "Среднее",
          "last_watered": null,
          "ai_status": "Unknown"
        }
      ],
      "notifications": {
        "watering": true
      }
    }
  ]
}